[
    {
      "EmpId": 101,
      "Name": "name_1",
      "Manager": "manager_1",
      "Contact": {
        "Phone": "+91-89000000101",
        "EmailId": "emp101@domain.com",
        "Address": "abc, abc street, city, country"
      }
    },
    {
      "EmpId": 102,
      "Name": "name_2",
      "Manager": "manager_2",
      "Contact": {
        "Phone": "+91-89000000102",
        "EmailId": "emp102@domain.com",
        "Address": "abc, abc street, city, country"
      }
    },
    {
      "EmpId": 103,
      "Name": "name_3",
      "Manager": "manager_3",
      "Contact": {
        "Phone": "+91-89000000103",
        "EmailId": "emp103@domain.com",
        "Address": "abc, abc street, city, country"
      }
    },
    {
      "EmpId": 104,
      "Name": "name_4",
      "Manager": "manager_4",
      "Contact": {
        "Phone": "+91-89000000104",
        "EmailId": "emp104@domain.com",
        "Address": "abc, abc street, city, country"
      }
    },
    {
      "EmpId": 105,
      "Name": "name_5",
      "Manager": "manager_5",
      "Contact": {
        "Phone": "+91-89000000105",
        "EmailId": "emp105@domain.com",
        "Address": "abc, abc street, city, country"
      }
    },
    {
      "EmpId": 106,
      "Name": "name_6",
      "Manager": "manager_6",
      "Contact": {
        "Phone": "+91-89000000106",
        "EmailId": "emp106@domain.com",
        "Address": "abc, abc street, city, country"
      }
    },
    {
      "EmpId": 107,
      "Name": "name_7",
      "Manager": "manager_7",
      "Contact": {
        "Phone": "+91-89000000107",
        "EmailId": "emp107@domain.com",
        "Address": "abc, abc street, city, country"
      }
    },
    {
      "EmpId": 108,
      "Name": "name_8",
      "Manager": "manager_8",
      "Contact": {
        "Phone": "+91-89000000108",
        "EmailId": "emp108@domain.com",
        "Address": "abc, abc street, city, country"
      }
    },
    {
      "EmpId": 109,
      "Name": "name_9",
      "Manager": "manager_9",
      "Contact": {
        "Phone": "+91-89000000109",
        "EmailId": "emp109@domain.com",
        "Address": "abc, abc street, city, country"
      }
    },
    {
      "EmpId": 110,
      "Name": "name_10",
      "Manager": "manager_10",
      "Contact": {
        "Phone": "+91-89000000110",
        "EmailId": "emp110@domain.com",
        "Address": "abc, abc street, city, country"
      }
    },
    {
      "EmpId": 111,
      "Name": "name_11",
      "Manager": "manager_11",
      "Contact": {
        "Phone": "+91-89000000111",
        "EmailId": "emp111@domain.com",
        "Address": "abc, abc street, city, country"
      }
    },
    {
      "EmpId": 112,
      "Name": "name_12",
      "Manager": "manager_12",
      "Contact": {
        "Phone": "+91-89000000112",
        "EmailId": "emp112@domain.com",
        "Address": "abc, abc street, city, country"
      }
    },
    {
      "EmpId": 113,
      "Name": "name_13",
      "Manager": "manager_13",
      "Contact": {
        "Phone": "+91-89000000113",
        "EmailId": "emp113@domain.com",
        "Address": "abc, abc street, city, country"
      }
    },
    {
      "EmpId": 114,
      "Name": "name_14",
      "Manager": "manager_14",
      "Contact": {
        "Phone": "+91-89000000114",
        "EmailId": "emp114@domain.com",
        "Address": "abc, abc street, city, country"
      }
    },
    {
      "EmpId": 115,
      "Name": "name_15",
      "Manager": "manager_15",
      "Contact": {
        "Phone": "+91-89000000115",
        "EmailId": "emp115@domain.com",
        "Address": "abc, abc street, city, country"
      }
    },
    {
      "EmpId": 116,
      "Name": "name_16",
      "Manager": "manager_16",
      "Contact": {
        "Phone": "+91-89000000116",
        "EmailId": "emp116@domain.com",
        "Address": "abc, abc street, city, country"
      }
    },
    {
      "EmpId": 117,
      "Name": "name_17",
      "Manager": "manager_17",
      "Contact": {
        "Phone": "+91-89000000117",
        "EmailId": "emp117@domain.com",
        "Address": "abc, abc street, city, country"
      }
    },
    {
      "EmpId": 118,
      "Name": "name_18",
      "Manager": "manager_18",
      "Contact": {
        "Phone": "+91-89000000118",
        "EmailId": "emp118@domain.com",
        "Address": "abc, abc street, city, country"
      }
    },
    {
      "EmpId": 119,
      "Name": "name_19",
      "Manager": "manager_19",
      "Contact": {
        "Phone": "+91-89000000119",
        "EmailId": "emp119@domain.com",
        "Address": "abc, abc street, city, country"
      }
    },
    {
      "EmpId": 120,
      "Name": "name_20",
      "Manager": "manager_20",
      "Contact": {
        "Phone": "+91-89000000120",
        "EmailId": "emp120@domain.com",
        "Address": "abc, abc street, city, country"
      }
    },
    {
      "EmpId": 121,
      "Name": "name_21",
      "Manager": "manager_21",
      "Contact": {
        "Phone": "+91-89000000121",
        "EmailId": "emp121@domain.com",
        "Address": "abc, abc street, city, country"
      }
    },
    {
      "EmpId": 122,
      "Name": "name_22",
      "Manager": "manager_22",
      "Contact": {
        "Phone": "+91-89000000122",
        "EmailId": "emp122@domain.com",
        "Address": "abc, abc street, city, country"
      }
    },
    {
      "EmpId": 123,
      "Name": "name_23",
      "Manager": "manager_23",
      "Contact": {
        "Phone": "+91-89000000123",
        "EmailId": "emp123@domain.com",
        "Address": "abc, abc street, city, country"
      }
    },
    {
      "EmpId": 124,
      "Name": "name_24",
      "Manager": "manager_24",
      "Contact": {
        "Phone": "+91-89000000124",
        "EmailId": "emp124@domain.com",
        "Address": "abc, abc street, city, country"
      }
    },
    {
      "EmpId": 125,
      "Name": "name_25",
      "Manager": "manager_25",
      "Contact": {
        "Phone": "+91-89000000125",
        "EmailId": "emp125@domain.com",
        "Address": "abc, abc street, city, country"
      }
    },
    {
      "EmpId": 126,
      "Name": "name_26",
      "Manager": "manager_26",
      "Contact": {
        "Phone": "+91-89000000126",
        "EmailId": "emp126@domain.com",
        "Address": "abc, abc street, city, country"
      }
    },
    {
      "EmpId": 127,
      "Name": "name_27",
      "Manager": "manager_27",
      "Contact": {
        "Phone": "+91-89000000127",
        "EmailId": "emp127@domain.com",
        "Address": "abc, abc street, city, country"
      }
    },
    {
      "EmpId": 128,
      "Name": "name_28",
      "Manager": "manager_28",
      "Contact": {
        "Phone": "+91-89000000128",
        "EmailId": "emp128@domain.com",
        "Address": "abc, abc street, city, country"
      }
    },
    {
      "EmpId": 129,
      "Name": "name_29",
      "Manager": "manager_29",
      "Contact": {
        "Phone": "+91-89000000129",
        "EmailId": "emp129@domain.com",
        "Address": "abc, abc street, city, country"
      }
    },
    {
      "EmpId": 130,
      "Name": "name_30",
      "Manager": "manager_30",
      "Contact": {
        "Phone": "+91-89000000130",
        "EmailId": "emp130@domain.com",
        "Address": "abc, abc street, city, country"
      }
    },
    {
      "EmpId": 131,
      "Name": "name_31",
      "Manager": "manager_31",
      "Contact": {
        "Phone": "+91-89000000131",
        "EmailId": "emp131@domain.com",
        "Address": "abc, abc street, city, country"
      }
    },
    {
      "EmpId": 132,
      "Name": "name_32",
      "Manager": "manager_32",
      "Contact": {
        "Phone": "+91-89000000132",
        "EmailId": "emp132@domain.com",
        "Address": "abc, abc street, city, country"
      }
    },
    {
      "EmpId": 133,
      "Name": "name_33",
      "Manager": "manager_33",
      "Contact": {
        "Phone": "+91-89000000133",
        "EmailId": "emp133@domain.com",
        "Address": "abc, abc street, city, country"
      }
    },
    {
      "EmpId": 134,
      "Name": "name_34",
      "Manager": "manager_34",
      "Contact": {
        "Phone": "+91-89000000134",
        "EmailId": "emp134@domain.com",
        "Address": "abc, abc street, city, country"
      }
    },
    {
      "EmpId": 135,
      "Name": "name_35",
      "Manager": "manager_35",
      "Contact": {
        "Phone": "+91-89000000135",
        "EmailId": "emp135@domain.com",
        "Address": "abc, abc street, city, country"
      }
    },
    {
      "EmpId": 136,
      "Name": "name_36",
      "Manager": "manager_36",
      "Contact": {
        "Phone": "+91-89000000136",
        "EmailId": "emp136@domain.com",
        "Address": "abc, abc street, city, country"
      }
    },
    {
      "EmpId": 137,
      "Name": "name_37",
      "Manager": "manager_37",
      "Contact": {
        "Phone": "+91-89000000137",
        "EmailId": "emp137@domain.com",
        "Address": "abc, abc street, city, country"
      }
    },
    {
      "EmpId": 138,
      "Name": "name_38",
      "Manager": "manager_38",
      "Contact": {
        "Phone": "+91-89000000138",
        "EmailId": "emp138@domain.com",
        "Address": "abc, abc street, city, country"
      }
    },
    {
      "EmpId": 139,
      "Name": "name_39",
      "Manager": "manager_39",
      "Contact": {
        "Phone": "+91-89000000139",
        "EmailId": "emp139@domain.com",
        "Address": "abc, abc street, city, country"
      }
    },
    {
      "EmpId": 140,
      "Name": "name_40",
      "Manager": "manager_40",
      "Contact": {
        "Phone": "+91-89000000140",
        "EmailId": "emp140@domain.com",
        "Address": "abc, abc street, city, country"
      }
    },
    {
      "EmpId": 141,
      "Name": "name_41",
      "Manager": "manager_41",
      "Contact": {
        "Phone": "+91-89000000141",
        "EmailId": "emp141@domain.com",
        "Address": "abc, abc street, city, country"
      }
    },
    {
      "EmpId": 142,
      "Name": "name_42",
      "Manager": "manager_42",
      "Contact": {
        "Phone": "+91-89000000142",
        "EmailId": "emp142@domain.com",
        "Address": "abc, abc street, city, country"
      }
    },
    {
      "EmpId": 143,
      "Name": "name_43",
      "Manager": "manager_43",
      "Contact": {
        "Phone": "+91-89000000143",
        "EmailId": "emp143@domain.com",
        "Address": "abc, abc street, city, country"
      }
    },
    {
      "EmpId": 144,
      "Name": "name_44",
      "Manager": "manager_44",
      "Contact": {
        "Phone": "+91-89000000144",
        "EmailId": "emp144@domain.com",
        "Address": "abc, abc street, city, country"
      }
    },
    {
      "EmpId": 145,
      "Name": "name_45",
      "Manager": "manager_45",
      "Contact": {
        "Phone": "+91-89000000145",
        "EmailId": "emp145@domain.com",
        "Address": "abc, abc street, city, country"
      }
    },
    {
      "EmpId": 146,
      "Name": "name_46",
      "Manager": "manager_46",
      "Contact": {
        "Phone": "+91-89000000146",
        "EmailId": "emp146@domain.com",
        "Address": "abc, abc street, city, country"
      }
    },
    {
      "EmpId": 147,
      "Name": "name_47",
      "Manager": "manager_47",
      "Contact": {
        "Phone": "+91-89000000147",
        "EmailId": "emp147@domain.com",
        "Address": "abc, abc street, city, country"
      }
    },
    {
      "EmpId": 148,
      "Name": "name_48",
      "Manager": "manager_48",
      "Contact": {
        "Phone": "+91-89000000148",
        "EmailId": "emp148@domain.com",
        "Address": "abc, abc street, city, country"
      }
    },
    {
      "EmpId": 149,
      "Name": "name_49",
      "Manager": "manager_49",
      "Contact": {
        "Phone": "+91-89000000149",
        "EmailId": "emp149@domain.com",
        "Address": "abc, abc street, city, country"
      }
    },
    {
      "EmpId": 150,
      "Name": "name_50",
      "Manager": "manager_50",
      "Contact": {
        "Phone": "+91-89000000150",
        "EmailId": "emp150@domain.com",
        "Address": "abc, abc street, city, country"
      }
    },
    {
      "EmpId": 151,
      "Name": "name_51",
      "Manager": "manager_51",
      "Contact": {
        "Phone": "+91-89000000151",
        "EmailId": "emp151@domain.com",
        "Address": "abc, abc street, city, country"
      }
    },
    {
      "EmpId": 152,
      "Name": "name_52",
      "Manager": "manager_52",
      "Contact": {
        "Phone": "+91-89000000152",
        "EmailId": "emp152@domain.com",
        "Address": "abc, abc street, city, country"
      }
    },
    {
      "EmpId": 153,
      "Name": "name_53",
      "Manager": "manager_53",
      "Contact": {
        "Phone": "+91-89000000153",
        "EmailId": "emp153@domain.com",
        "Address": "abc, abc street, city, country"
      }
    },
    {
      "EmpId": 154,
      "Name": "name_54",
      "Manager": "manager_54",
      "Contact": {
        "Phone": "+91-89000000154",
        "EmailId": "emp154@domain.com",
        "Address": "abc, abc street, city, country"
      }
    },
    {
      "EmpId": 155,
      "Name": "name_55",
      "Manager": "manager_55",
      "Contact": {
        "Phone": "+91-89000000155",
        "EmailId": "emp155@domain.com",
        "Address": "abc, abc street, city, country"
      }
    },
    {
      "EmpId": 156,
      "Name": "name_56",
      "Manager": "manager_56",
      "Contact": {
        "Phone": "+91-89000000156",
        "EmailId": "emp156@domain.com",
        "Address": "abc, abc street, city, country"
      }
    },
    {
      "EmpId": 157,
      "Name": "name_57",
      "Manager": "manager_57",
      "Contact": {
        "Phone": "+91-89000000157",
        "EmailId": "emp157@domain.com",
        "Address": "abc, abc street, city, country"
      }
    },
    {
      "EmpId": 158,
      "Name": "name_58",
      "Manager": "manager_58",
      "Contact": {
        "Phone": "+91-89000000158",
        "EmailId": "emp158@domain.com",
        "Address": "abc, abc street, city, country"
      }
    },
    {
      "EmpId": 159,
      "Name": "name_59",
      "Manager": "manager_59",
      "Contact": {
        "Phone": "+91-89000000159",
        "EmailId": "emp159@domain.com",
        "Address": "abc, abc street, city, country"
      }
    },
    {
      "EmpId": 160,
      "Name": "name_60",
      "Manager": "manager_60",
      "Contact": {
        "Phone": "+91-89000000160",
        "EmailId": "emp160@domain.com",
        "Address": "abc, abc street, city, country"
      }
    },
    {
      "EmpId": 161,
      "Name": "name_61",
      "Manager": "manager_61",
      "Contact": {
        "Phone": "+91-89000000161",
        "EmailId": "emp161@domain.com",
        "Address": "abc, abc street, city, country"
      }
    },
    {
      "EmpId": 162,
      "Name": "name_62",
      "Manager": "manager_62",
      "Contact": {
        "Phone": "+91-89000000162",
        "EmailId": "emp162@domain.com",
        "Address": "abc, abc street, city, country"
      }
    },
    {
      "EmpId": 163,
      "Name": "name_63",
      "Manager": "manager_63",
      "Contact": {
        "Phone": "+91-89000000163",
        "EmailId": "emp163@domain.com",
        "Address": "abc, abc street, city, country"
      }
    },
    {
      "EmpId": 164,
      "Name": "name_64",
      "Manager": "manager_64",
      "Contact": {
        "Phone": "+91-89000000164",
        "EmailId": "emp164@domain.com",
        "Address": "abc, abc street, city, country"
      }
    },
    {
      "EmpId": 165,
      "Name": "name_65",
      "Manager": "manager_65",
      "Contact": {
        "Phone": "+91-89000000165",
        "EmailId": "emp165@domain.com",
        "Address": "abc, abc street, city, country"
      }
    },
    {
      "EmpId": 166,
      "Name": "name_66",
      "Manager": "manager_66",
      "Contact": {
        "Phone": "+91-89000000166",
        "EmailId": "emp166@domain.com",
        "Address": "abc, abc street, city, country"
      }
    },
    {
      "EmpId": 167,
      "Name": "name_67",
      "Manager": "manager_67",
      "Contact": {
        "Phone": "+91-89000000167",
        "EmailId": "emp167@domain.com",
        "Address": "abc, abc street, city, country"
      }
    },
    {
      "EmpId": 168,
      "Name": "name_68",
      "Manager": "manager_68",
      "Contact": {
        "Phone": "+91-89000000168",
        "EmailId": "emp168@domain.com",
        "Address": "abc, abc street, city, country"
      }
    },
    {
      "EmpId": 169,
      "Name": "name_69",
      "Manager": "manager_69",
      "Contact": {
        "Phone": "+91-89000000169",
        "EmailId": "emp169@domain.com",
        "Address": "abc, abc street, city, country"
      }
    },
    {
      "EmpId": 170,
      "Name": "name_70",
      "Manager": "manager_70",
      "Contact": {
        "Phone": "+91-89000000170",
        "EmailId": "emp170@domain.com",
        "Address": "abc, abc street, city, country"
      }
    },
    {
      "EmpId": 171,
      "Name": "name_71",
      "Manager": "manager_71",
      "Contact": {
        "Phone": "+91-89000000171",
        "EmailId": "emp171@domain.com",
        "Address": "abc, abc street, city, country"
      }
    },
    {
      "EmpId": 172,
      "Name": "name_72",
      "Manager": "manager_72",
      "Contact": {
        "Phone": "+91-89000000172",
        "EmailId": "emp172@domain.com",
        "Address": "abc, abc street, city, country"
      }
    },
    {
      "EmpId": 173,
      "Name": "name_73",
      "Manager": "manager_73",
      "Contact": {
        "Phone": "+91-89000000173",
        "EmailId": "emp173@domain.com",
        "Address": "abc, abc street, city, country"
      }
    },
    {
      "EmpId": 174,
      "Name": "name_74",
      "Manager": "manager_74",
      "Contact": {
        "Phone": "+91-89000000174",
        "EmailId": "emp174@domain.com",
        "Address": "abc, abc street, city, country"
      }
    },
    {
      "EmpId": 175,
      "Name": "name_75",
      "Manager": "manager_75",
      "Contact": {
        "Phone": "+91-89000000175",
        "EmailId": "emp175@domain.com",
        "Address": "abc, abc street, city, country"
      }
    },
    {
      "EmpId": 176,
      "Name": "name_76",
      "Manager": "manager_76",
      "Contact": {
        "Phone": "+91-89000000176",
        "EmailId": "emp176@domain.com",
        "Address": "abc, abc street, city, country"
      }
    },
    {
      "EmpId": 177,
      "Name": "name_77",
      "Manager": "manager_77",
      "Contact": {
        "Phone": "+91-89000000177",
        "EmailId": "emp177@domain.com",
        "Address": "abc, abc street, city, country"
      }
    },
    {
      "EmpId": 178,
      "Name": "name_78",
      "Manager": "manager_78",
      "Contact": {
        "Phone": "+91-89000000178",
        "EmailId": "emp178@domain.com",
        "Address": "abc, abc street, city, country"
      }
    },
    {
      "EmpId": 179,
      "Name": "name_79",
      "Manager": "manager_79",
      "Contact": {
        "Phone": "+91-89000000179",
        "EmailId": "emp179@domain.com",
        "Address": "abc, abc street, city, country"
      }
    },
    {
      "EmpId": 180,
      "Name": "name_80",
      "Manager": "manager_80",
      "Contact": {
        "Phone": "+91-89000000180",
        "EmailId": "emp180@domain.com",
        "Address": "abc, abc street, city, country"
      }
    },
    {
      "EmpId": 181,
      "Name": "name_81",
      "Manager": "manager_81",
      "Contact": {
        "Phone": "+91-89000000181",
        "EmailId": "emp181@domain.com",
        "Address": "abc, abc street, city, country"
      }
    },
    {
      "EmpId": 182,
      "Name": "name_82",
      "Manager": "manager_82",
      "Contact": {
        "Phone": "+91-89000000182",
        "EmailId": "emp182@domain.com",
        "Address": "abc, abc street, city, country"
      }
    },
    {
      "EmpId": 183,
      "Name": "name_83",
      "Manager": "manager_83",
      "Contact": {
        "Phone": "+91-89000000183",
        "EmailId": "emp183@domain.com",
        "Address": "abc, abc street, city, country"
      }
    },
    {
      "EmpId": 184,
      "Name": "name_84",
      "Manager": "manager_84",
      "Contact": {
        "Phone": "+91-89000000184",
        "EmailId": "emp184@domain.com",
        "Address": "abc, abc street, city, country"
      }
    },
    {
      "EmpId": 185,
      "Name": "name_85",
      "Manager": "manager_85",
      "Contact": {
        "Phone": "+91-89000000185",
        "EmailId": "emp185@domain.com",
        "Address": "abc, abc street, city, country"
      }
    },
    {
      "EmpId": 186,
      "Name": "name_86",
      "Manager": "manager_86",
      "Contact": {
        "Phone": "+91-89000000186",
        "EmailId": "emp186@domain.com",
        "Address": "abc, abc street, city, country"
      }
    },
    {
      "EmpId": 187,
      "Name": "name_87",
      "Manager": "manager_87",
      "Contact": {
        "Phone": "+91-89000000187",
        "EmailId": "emp187@domain.com",
        "Address": "abc, abc street, city, country"
      }
    },
    {
      "EmpId": 188,
      "Name": "name_88",
      "Manager": "manager_88",
      "Contact": {
        "Phone": "+91-89000000188",
        "EmailId": "emp188@domain.com",
        "Address": "abc, abc street, city, country"
      }
    },
    {
      "EmpId": 189,
      "Name": "name_89",
      "Manager": "manager_89",
      "Contact": {
        "Phone": "+91-89000000189",
        "EmailId": "emp189@domain.com",
        "Address": "abc, abc street, city, country"
      }
    },
    {
      "EmpId": 190,
      "Name": "name_90",
      "Manager": "manager_90",
      "Contact": {
        "Phone": "+91-89000000190",
        "EmailId": "emp190@domain.com",
        "Address": "abc, abc street, city, country"
      }
    },
    {
      "EmpId": 191,
      "Name": "name_91",
      "Manager": "manager_91",
      "Contact": {
        "Phone": "+91-89000000191",
        "EmailId": "emp191@domain.com",
        "Address": "abc, abc street, city, country"
      }
    },
    {
      "EmpId": 192,
      "Name": "name_92",
      "Manager": "manager_92",
      "Contact": {
        "Phone": "+91-89000000192",
        "EmailId": "emp192@domain.com",
        "Address": "abc, abc street, city, country"
      }
    },
    {
      "EmpId": 193,
      "Name": "name_93",
      "Manager": "manager_93",
      "Contact": {
        "Phone": "+91-89000000193",
        "EmailId": "emp193@domain.com",
        "Address": "abc, abc street, city, country"
      }
    },
    {
      "EmpId": 194,
      "Name": "name_94",
      "Manager": "manager_94",
      "Contact": {
        "Phone": "+91-89000000194",
        "EmailId": "emp194@domain.com",
        "Address": "abc, abc street, city, country"
      }
    },
    {
      "EmpId": 195,
      "Name": "name_95",
      "Manager": "manager_95",
      "Contact": {
        "Phone": "+91-89000000195",
        "EmailId": "emp195@domain.com",
        "Address": "abc, abc street, city, country"
      }
    },
    {
      "EmpId": 196,
      "Name": "name_96",
      "Manager": "manager_96",
      "Contact": {
        "Phone": "+91-89000000196",
        "EmailId": "emp196@domain.com",
        "Address": "abc, abc street, city, country"
      }
    },
    {
      "EmpId": 197,
      "Name": "name_97",
      "Manager": "manager_97",
      "Contact": {
        "Phone": "+91-89000000197",
        "EmailId": "emp197@domain.com",
        "Address": "abc, abc street, city, country"
      }
    },
    {
      "EmpId": 198,
      "Name": "name_98",
      "Manager": "manager_98",
      "Contact": {
        "Phone": "+91-89000000198",
        "EmailId": "emp198@domain.com",
        "Address": "abc, abc street, city, country"
      }
    },
    {
      "EmpId": 199,
      "Name": "name_99",
      "Manager": "manager_99",
      "Contact": {
        "Phone": "+91-89000000199",
        "EmailId": "emp199@domain.com",
        "Address": "abc, abc street, city, country"
      }
    },
    {
      "EmpId": 200,
      "Name": "name_100",
      "Manager": "manager_100",
      "Contact": {
        "Phone": "+91-89000000200",
        "EmailId": "emp200@domain.com",
        "Address": "abc, abc street, city, country"
      }
    }
  ]